Id,Name,Team,Position,Height(inches),Weight(lbs)
1,Adam Donachie,BAL,Catcher,74,180
2,Paul Bako,BAL,Catcher,74,215
3,Ramon Hernandez,BAL,Catcher,72,210
4,Kevin Millar,BAL,First Baseman,72,210
5,Chris Gomez,BAL,First Baseman,73,188
6,Brian Roberts,BAL,Second Baseman,69,176
7,Miguel Tejada,BAL,Shortstop,69,209
8,Melvin Mora,BAL,Third Baseman,71,200
9,Aubrey Huff,BAL,Third Baseman,76,231
10,Adam Stern,BAL,Outfielder,71,180
11,Jeff Fiorentino,BAL,Outfielder,73,188
12,Freddie Bynum,BAL,Outfielder,73,180
13,Nick Markakis,BAL,Outfielder,74,185
14,Brandon Fahey,BAL,Outfielder,74,160
15,Corey Patterson,BAL,Outfielder,69,180
16,Jay Payton,BAL,Outfielder,70,185
17,Jay Gibbons,BAL,Designated Hitter,72,197
18,Erik Bedard,BAL,Starting Pitcher,73,189
19,Hayden Penn,BAL,Starting Pitcher,75,185
20,Adam Loewen,BAL,Starting Pitcher,78,219
21,Daniel Cabrera,BAL,Starting Pitcher,79,230
22,Steve Trachsel,BAL,Starting Pitcher,76,205
23,Jaret Wright,BAL,Starting Pitcher,74,230
24,Kris Benson,BAL,Starting Pitcher,76,195
25,Scott Williamson,BAL,Relief Pitcher,72,180
26,John Parrish,BAL,Relief Pitcher,71,192
27,Danys Baez,BAL,Relief Pitcher,75,225
28,Chad Bradford,BAL,Relief Pitcher,77,203
29,Jamie Walker,BAL,Relief Pitcher,74,195
30,Brian Burres,BAL,Relief Pitcher,73,182
31,Kurt Birkins,BAL,Relief Pitcher,74,188
32,James Hoey,BAL,Relief Pitcher,78,200
33,Sendy Rleal,BAL,Relief Pitcher,73,180
34,Chris Ray,BAL,Relief Pitcher,75,200
35,Jeremy Guthrie,BAL,Relief Pitcher,73,200
36,A.J. Pierzynski,CWS,Catcher,75,245
37,Toby Hall,CWS,Catcher,75,240
38,Paul Konerko,CWS,First Baseman,74,215
39,Tadahito Iguchi,CWS,Second Baseman,69,185
40,Juan Uribe,CWS,Shortstop,71,175
41,Alex Cintron,CWS,Shortstop,74,199
42,Joe Crede,CWS,Third Baseman,73,200
43,Josh Fields,CWS,Third Baseman,73,215
44,Ryan Sweeney,CWS,Outfielder,76,200
45,Brian N. Anderson,CWS,Outfielder,74,205
46,Luis Terrero,CWS,Outfielder,74,206
47,Pablo Ozuna,CWS,Outfielder,70,186
48,Scott Podsednik,CWS,Outfielder,72,188
49,Jermaine Dye,CWS,Outfielder,77,220
50,Darin Erstad,CWS,Outfielder,74,210
51,Rob Mackowiak,CWS,Outfielder,70,195
52,Jim Thome,CWS,Designated Hitter,76,244
53,Jerry Owens,CWS,Designated Hitter,75,195
54,Charlie Haeger,CWS,Starting Pitcher,73,200
55,Heath Phillips,CWS,Starting Pitcher,75,200
56,Gavin Floyd,CWS,Starting Pitcher,76,212
57,Jose Contreras,CWS,Starting Pitcher,76,224
58,Jon Garland,CWS,Starting Pitcher,78,210
59,Javier Vazquez,CWS,Starting Pitcher,74,205
60,Mark Buehrle,CWS,Starting Pitcher,74,220
61,Mike MacDougal,CWS,Relief Pitcher,76,195
62,David Aardsma,CWS,Relief Pitcher,77,200
63,Andrew Sisco,CWS,Relief Pitcher,81,260
64,Matt Thornton,CWS,Relief Pitcher,78,228
65,Bobby Jenks,CWS,Relief Pitcher,75,270
66,Boone Logan,CWS,Relief Pitcher,77,200
67,Sean Tracey,CWS,Relief Pitcher,75,210
68,Nick Masset,CWS,Relief Pitcher,76,190
69,Jose Molina,ANA,Catcher,74,220
70,Jeff Mathis,ANA,Catcher,72,180
71,Mike Napoli,ANA,Catcher,72,205
72,Casey Kotchman,ANA,First Baseman,75,210
73,Kendry Morales,ANA,First Baseman,73,220
74,Shea Hillenbrand,ANA,First Baseman,73,211
75,Robb Quinlan,ANA,First Baseman,73,200
76,Howie Kendrick,ANA,First Baseman,70,180
77,Orlando Cabrera,ANA,Shortstop,70,190
78,Erick Aybar,ANA,Shortstop,70,170
79,Dallas McPherson,ANA,Third Baseman,76,230
80,Maicer Izturis,ANA,Third Baseman,68,155
81,Reggie Willits,ANA,Outfielder,71,185
82,Tommy Murphy,ANA,Outfielder,72,185
83,Terry Evans,ANA,Outfielder,75,200
84,Gary Matthews Jr.,ANA,Outfielder,75,225
85,Garret Anderson,ANA,Outfielder,75,225
86,Vladimir Guerrero,ANA,Outfielder,75,220
87,Chone Figgins,ANA,Outfielder,68,160
88,Juan Rivera,ANA,Outfielder,74,205
89,John Lackey,ANA,Starting Pitcher,78,235
90,Bartolo Colon,ANA,Starting Pitcher,71,250
91,Kelvim Escobar,ANA,Starting Pitcher,73,210
92,Dustin Moseley,ANA,Starting Pitcher,76,190
93,Ervin Santana,ANA,Starting Pitcher,74,160
94,Joe Saunders,ANA,Starting Pitcher,74,200
95,Jered Weaver,ANA,Starting Pitcher,79,205
96,Chris Resop,ANA,Relief Pitcher,75,222
97,Phil Seibel,ANA,Relief Pitcher,73,195
98,Justin Speier,ANA,Relief Pitcher,76,205
99,Darren Oliver,ANA,Relief Pitcher,74,220
100,Hector Carrasco,ANA,Relief Pitcher,74,220
101,Scot Shields,ANA,Relief Pitcher,73,170
102,Francisco Rodriguez,ANA,Relief Pitcher,72,185
103,Greg Jones,ANA,Relief Pitcher,74,195
104,Doug Mirabelli,BOS,Catcher,73,220
105,Jason Varitek,BOS,Catcher,74,230
106,George Kottaras,BOS,Catcher,72,180
107,Kevin Youkilis,BOS,First Baseman,73,220
108,Dustin Pedroia,BOS,Second Baseman,69,180
109,Alex Cora,BOS,Shortstop,72,180
110,Julio Lugo,BOS,Shortstop,73,170
111,Mike Lowell,BOS,Third Baseman,75,210
112,Wily Mo Pe?a,BOS,Outfielder,75,215
113,J.D. Drew,BOS,Outfielder,73,200
114,Manny Ramirez,BOS,Outfielder,72,213
115,Brandon Moss,BOS,Outfielder,72,180
116,David Murphy,BOS,Outfielder,76,192
117,Eric Hinske,BOS,Outfielder,74,235
118,Coco Crisp,BOS,Outfielder,72,185
119,David Ortiz,BOS,Designated Hitter,76,230
120,Curt Schilling,BOS,Starting Pitcher,77,235
121,Tim Wakefield,BOS,Starting Pitcher,74,210
122,Josh Beckett,BOS,Starting Pitcher,77,222
123,Matt Clement,BOS,Starting Pitcher,75,210
124,Jonathan Papelbon,BOS,Starting Pitcher,76,230
125,Kyle Snyder,BOS,Starting Pitcher,80,220
126,Devern Hansack,BOS,Starting Pitcher,74,180
127,Jon Lester,BOS,Starting Pitcher,74,190
128,Kason Gabbard,BOS,Starting Pitcher,75,200
129,Craig Hansen,BOS,Relief Pitcher,78,210
130,Hideki Okajima,BOS,Relief Pitcher,73,194
131,Craig Breslow,BOS,Relief Pitcher,73,180
132,Manny Delcarmen,BOS,Relief Pitcher,74,190
133,Brendan Donnelly,BOS,Relief Pitcher,75,240
134,Javier Lopez,BOS,Relief Pitcher,76,200
135,J.C. Romero,BOS,Relief Pitcher,71,198
136,Joel Pineiro,BOS,Relief Pitcher,73,200
137,Julian Tavarez,BOS,Relief Pitcher,74,195
138,Mike Timlin,BOS,Relief Pitcher,76,210
139,Nick DeBarr,BOS,Relief Pitcher,76,220
140,Victor Martinez,CLE,Catcher,74,190
141,Kelly Shoppach,CLE,Catcher,73,210
142,Ryan Garko,CLE,First Baseman,74,225
143,Joe Inglett,CLE,Second Baseman,70,180
144,Josh Barfield,CLE,Second Baseman,72,185
145,Hector Luna,CLE,Second Baseman,73,170
146,Jhonny Peralta,CLE,Shortstop,73,185
147,Andy Marte,CLE,Third Baseman,73,185
148,Ben Francisco,CLE,Outfielder,73,180
149,Shin-Soo Choo,CLE,Outfielder,71,178
150,Franklin Gutierrez,CLE,Outfielder,74,175
151,Grady Sizemore,CLE,Outfielder,74,200
152,Jason Michaels,CLE,Outfielder,72,204
153,Trot Nixon,CLE,Outfielder,74,211
154,David Dellucci,CLE,Outfielder,71,190
155,Casey Blake,CLE,Outfielder,74,210
156,Travis Hafner,CLE,Designated Hitter,75,240
157,Paul Byrd,CLE,Starting Pitcher,73,190
158,Cliff Lee,CLE,Starting Pitcher,75,190
159,Jake Westbrook,CLE,Starting Pitcher,75,185
160,C.C. Sabathia,CLE,Starting Pitcher,79,290
161,Jeremy Sowers,CLE,Starting Pitcher,73,175
162,Rafael Perez,CLE,Relief Pitcher,75,185
163,Brian Slocum,CLE,Relief Pitcher,76,200
164,Edward Mujica,CLE,Relief Pitcher,74,220
165,Fernando Cabrera,CLE,Relief Pitcher,76,170
166,Tom Mastny,CLE,Relief Pitcher,78,220
167,Juan Lara,CLE,Relief Pitcher,74,190
168,Fausto Carmona,CLE,Relief Pitcher,76,220
169,Aaron Fultz,CLE,Relief Pitcher,72,205
170,Rafael Betancourt,CLE,Relief Pitcher,74,200
171,Roberto Hernandez,CLE,Relief Pitcher,76,250
172,Joe Borowski,CLE,Relief Pitcher,74,225
173,Matt Miller,CLE,Relief Pitcher,75,215
174,Jason Davis,CLE,Relief Pitcher,78,210
175,Mike Piazza,OAK,Catcher,75,215
176,Jason Kendall,OAK,Catcher,72,195
177,Adam Melhuse,OAK,Catcher,74,200
178,Nick Swisher,OAK,First Baseman,72,194
179,Dan Johnson,OAK,First Baseman,74,220
180,Donald Murphy,OAK,Second Baseman,70,180
181,Mark Ellis,OAK,Second Baseman,71,180
182,Marco Scutaro,OAK,Shortstop,70,170
183,Bobby Crosby,OAK,Shortstop,75,195
184,Mark Kiger,OAK,Shortstop,71,180
185,Antonio Perez,OAK,Third Baseman,71,170
186,Eric Chavez,OAK,Third Baseman,73,206
187,Milton Bradley,OAK,Outfielder,72,205
188,Shannon Stewart,OAK,Outfielder,71,200
189,Bobby Kielty,OAK,Outfielder,73,225
190,Mark Kotsay,OAK,Outfielder,72,201
191,Ryan Goleski,OAK,Outfielder,75,225
192,Jeremy Brown,OAK,Designated Hitter,70,226
193,Jason Windsor,OAK,Starting Pitcher,74,233
194,David Shafer,OAK,Starting Pitcher,74,180
195,Joe Blanton,OAK,Starting Pitcher,75,225
196,Brad Halsey,OAK,Starting Pitcher,73,180
197,Dan Haren,OAK,Starting Pitcher,77,220
198,Rich Harden,OAK,Starting Pitcher,73,180
199,Joe Kennedy,OAK,Starting Pitcher,76,237
200,Esteban Loaiza,OAK,Starting Pitcher,75,215
201,Alan Embree,OAK,Relief Pitcher,74,190
202,Jay Witasick,OAK,Relief Pitcher,76,235
203,Justin Duchscherer,OAK,Relief Pitcher,75,190
204,Kiko Calero,OAK,Relief Pitcher,73,180
205,Chad Gaudin,OAK,Relief Pitcher,71,165
206,Lenny DiNardo,OAK,Relief Pitcher,76,195
207,Scott Dunn,OAK,Relief Pitcher,75,200
208,Huston Street,OAK,Relief Pitcher,72,190
209,Ron Flores,OAK,Relief Pitcher,71,190
210,Jay Marshall,OAK,Relief Pitcher,77,185
211,Marcus McBeth,OAK,Relief Pitcher,73,185
212,Jorge Posada,NYY,Catcher,74,205
213,Wil Nieves,NYY,Catcher,71,190
214,Andy Phillips,NYY,First Baseman,72,205
215,Doug Mientkiewicz,NYY,First Baseman,74,206
216,Josh Phelps,NYY,First Baseman,75,220
217,Miguel Cairo,NYY,Second Baseman,73,208
218,Robinson Cano,NYY,Second Baseman,72,170
219,Derek Jeter,NYY,Shortstop,75,195
220,Alex Rodriguez,NYY,Third Baseman,75,210
221,Johnny Damon,NYY,Outfielder,74,190
222,Bobby Abreu,NYY,Outfielder,72,211
223,Hideki Matsui,NYY,Outfielder,74,230
224,Melky Cabrera,NYY,Outfielder,71,170
225,Kevin Thompson,NYY,Outfielder,70,185
226,Jason Giambi,NYY,Designated Hitter,75,230
227,Mike Mussina,NYY,Starting Pitcher,74,185
228,Carl Pavano,NYY,Starting Pitcher,77,241
229,Andy Pettitte,NYY,Starting Pitcher,77,225
230,Darrell Rasner,NYY,Starting Pitcher,75,210
231,Jeff Karstens,NYY,Starting Pitcher,75,175
232,Humberto Sanchez,NYY,Starting Pitcher,78,230
233,Chien-Ming Wang,NYY,Starting Pitcher,75,200
234,Sean Henn,NYY,Relief Pitcher,76,215
235,Scott Proctor,NYY,Relief Pitcher,73,198
236,Brian Bruney,NYY,Relief Pitcher,75,226
237,Chris Britton,NYY,Relief Pitcher,75,278
238,T.J. Beam,NYY,Relief Pitcher,79,215
239,Jose Veras,NYY,Relief Pitcher,77,230
240,Kyle Farnsworth,NYY,Relief Pitcher,76,240
241,Luis Vizcaino,NYY,Relief Pitcher,71,184
242,Mike Myers,NYY,Relief Pitcher,75,219
243,Mariano Rivera,NYY,Relief Pitcher,74,170
244,Ivan Rodriguez,DET,Catcher,69,218
245,Vance Wilson,DET,Catcher,71,190
246,Sean Casey,DET,First Baseman,76,225
247,Chris Shelton,DET,First Baseman,72,220
248,Omar Infante,DET,Second Baseman,72,176
249,Placido Polanco,DET,Second Baseman,70,190
250,Neifi Perez,DET,Second Baseman,72,197
251,Carlos Guillen,DET,Shortstop,73,204
252,Ramon Santiago,DET,Shortstop,71,167
253,Tony Giarratano,DET,Shortstop,72,180
254,Brandon Inge,DET,Third Baseman,71,195
255,Craig Monroe,DET,Outfielder,73,220
256,Magglio Ordo?ez,DET,Outfielder,72,215
257,Curtis Granderson,DET,Outfielder,73,185
258,Brent Clevlen,DET,Outfielder,74,190
259,Marcus Thames,DET,Outfielder,74,205
260,Gary Sheffield,DET,Outfielder,72,205
261,Mike Rabelo,DET,Designated Hitter,73,200
262,Zach Miner,DET,Starting Pitcher,75,200
263,Jeremy Bonderman,DET,Starting Pitcher,74,210
264,Nate Robertson,DET,Starting Pitcher,74,215
265,Justin Verlander,DET,Starting Pitcher,77,200
266,Virgil Vasquez,DET,Starting Pitcher,75,205
267,Kenny Rogers,DET,Starting Pitcher,73,211
268,Mike Maroth,DET,Starting Pitcher,72,190
269,Fernando Rodney,DET,Relief Pitcher,71,208
270,Chad Durbin,DET,Relief Pitcher,74,200
271,Jason Grilli,DET,Relief Pitcher,77,210
272,Jose Mesa,DET,Relief Pitcher,75,232
273,Todd Jones,DET,Relief Pitcher,75,230
274,Joel Zumaya,DET,Relief Pitcher,75,210
275,Jordan Tata,DET,Relief Pitcher,78,220
276,Andrew Miller,DET,Relief Pitcher,78,210
277,Yorman Bazardo,DET,Relief Pitcher,74,202
278,Wilfredo Ledezma,DET,Relief Pitcher,76,212
279,Roman Colon,DET,Relief Pitcher,78,225
280,Edward Campusano,DET,Relief Pitcher,76,170
281,Rene Rivera,SEA,Catcher,70,190
282,Kenji Johjima,SEA,Catcher,72,200
283,Richie Sexson,SEA,First Baseman,80,237
284,Ben Broussard,SEA,First Baseman,74,220
285,Jose Lopez,SEA,Second Baseman,74,170
286,Jose Vidro,SEA,Second Baseman,71,193
287,Yuniesky Betancourt,SEA,Shortstop,70,190
288,Oswaldo Navarro,SEA,Shortstop,72,150
289,Adrian Beltre,SEA,Third Baseman,71,220
290,Raul Ibanez,SEA,Outfielder,74,200
291,Jose Guillen,SEA,Outfielder,71,190
292,Jeremy Reed,SEA,Outfielder,72,185
293,Willie Bloomquist,SEA,Outfielder,71,185
294,Adam Jones,SEA,Outfielder,74,200
295,Ichiro Suzuki,SEA,Outfielder,69,172
296,Mike Morse,SEA,Outfielder,76,220
297,Felix Hernandez,SEA,Starting Pitcher,75,225
298,Ryan Feierabend,SEA,Starting Pitcher,75,190
299,Sean White,SEA,Starting Pitcher,76,195
300,Horacio Ramirez,SEA,Starting Pitcher,73,219
301,Cha Baek,SEA,Starting Pitcher,76,190
302,Miguel Batista,SEA,Starting Pitcher,73,197
303,Jeff Weaver,SEA,Starting Pitcher,77,200
304,Jarrod Washburn,SEA,Starting Pitcher,73,195
305,George Sherrill,SEA,Relief Pitcher,72,210
306,Julio Mateo,SEA,Relief Pitcher,72,177
307,J.J. Putz,SEA,Relief Pitcher,77,220
308,Chris Reitsma,SEA,Relief Pitcher,77,235
309,Cesar Jimenez,SEA,Relief Pitcher,71,180
310,Eric O'Flaherty,SEA,Relief Pitcher,74,195
311,Jon Huber,SEA,Relief Pitcher,74,195
312,Jake Woods,SEA,Relief Pitcher,73,190
313,Sean Green,SEA,Relief Pitcher,78,230
314,Mark Lowe,SEA,Relief Pitcher,75,190
315,Josh Paul,TB,Catcher,73,200
316,Dioner Navarro,TB,Catcher,70,190
317,Shawn Riggans,TB,Catcher,74,190
318,Ty Wigginton,TB,First Baseman,72,200
319,Brendan Harris,TB,Second Baseman,73,200
320,Jorge Cantu,TB,Second Baseman,73,184
321,Ben Zobrist,TB,Shortstop,75,200
322,B.J. Upton,TB,Third Baseman,75,180
323,Carl Crawford,TB,Outfielder,74,219
324,Rocco Baldelli,TB,Outfielder,76,187
325,Greg Norton,TB,Outfielder,73,200
326,Elijah Dukes,TB,Outfielder,74,220
327,Delmon Young,TB,Outfielder,75,205
328,Jonny Gomes,TB,Designated Hitter,73,205
329,Edwin Jackson,TB,Starting Pitcher,75,190
330,Scott Kazmir,TB,Starting Pitcher,72,170
331,Casey Fossum,TB,Starting Pitcher,73,160
332,Jae Seo,TB,Starting Pitcher,73,215
333,J.P. Howell,TB,Starting Pitcher,72,175
334,Tim Corcoran,TB,Starting Pitcher,74,205
335,Jason Hammel,TB,Starting Pitcher,78,200
336,James Shields,TB,Starting Pitcher,76,214
337,Brian Stokes,TB,Starting Pitcher,73,200
338,Juan Salas,TB,Relief Pitcher,74,190
339,Jeff Ridgway,TB,Relief Pitcher,75,180
340,Ruddy Lugo,TB,Relief Pitcher,70,205
341,Jae-Kuk Ryu,TB,Relief Pitcher,75,220
342,Chad Orvella,TB,Relief Pitcher,71,190
343,Dan Miceli,TB,Relief Pitcher,72,215
344,Seth McClung,TB,Relief Pitcher,78,235
345,Jon Switzer,TB,Relief Pitcher,75,191
346,Shawn Camp,TB,Relief Pitcher,73,200
347,Scott Dohmann,TB,Relief Pitcher,73,181
348,Jason LaRue,KC,Catcher,71,200
349,John Buck,KC,Catcher,75,210
350,Ryan Shealy,KC,First Baseman,77,240
351,Ross Gload,KC,First Baseman,72,185
352,Esteban German,KC,Second Baseman,69,165
353,Mark Grudzielanek,KC,Second Baseman,73,190
354,Angel Sanchez,KC,Second Baseman,74,185
355,Angel Berroa,KC,Shortstop,72,175
356,Andres Blanco,KC,Shortstop,70,155
357,Mark Teahen,KC,Third Baseman,75,210
358,Joey Gathright,KC,Outfielder,70,170
359,David DeJesus,KC,Outfielder,72,175
360,Shane Costa,KC,Outfielder,72,220
361,Mitch Maier,KC,Outfielder,74,210
362,Reggie Sanders,KC,Outfielder,73,205
363,Emil Brown,KC,Outfielder,74,200
364,Mike Sweeney,KC,Designated Hitter,75,225
365,John Bale,KC,Starting Pitcher,76,205
366,Luke Hudson,KC,Starting Pitcher,75,195
367,Scott Elarton,KC,Starting Pitcher,80,240
368,Odalis Perez,KC,Starting Pitcher,72,150
369,Gil Meche,KC,Starting Pitcher,75,200
370,Neal Musser,KC,Starting Pitcher,73,215
371,Brian Bannister,KC,Starting Pitcher,74,202
372,Zack Greinke,KC,Starting Pitcher,74,200
373,Jorge De La Rosa,KC,Starting Pitcher,73,190
374,Todd Wellemeyer,KC,Relief Pitcher,75,205
375,Jimmy Gobble,KC,Relief Pitcher,75,190
376,Joel Peralta,KC,Relief Pitcher,71,160
377,Ryan Braun,KC,Relief Pitcher,73,215
378,Joakim Soria,KC,Relief Pitcher,75,185
379,Ken Ray,KC,Relief Pitcher,74,200
380,David Riske,KC,Relief Pitcher,74,190
381,Octavio Dotel,KC,Relief Pitcher,72,210
382,Joe Nelson,KC,Relief Pitcher,74,185
383,Gerald Laird,TEX,Catcher,74,220
384,Miguel Ojeda,TEX,Catcher,74,190
385,Guillermo Quiroz,TEX,Catcher,73,202
386,Chris Stewart,TEX,Catcher,76,205
387,Mark Teixeira,TEX,First Baseman,75,220
388,Ian Kinsler,TEX,Second Baseman,72,175
389,Joaquin Arias,TEX,Shortstop,73,160
390,Michael Young,TEX,Shortstop,73,190
391,Hank Blalock,TEX,Third Baseman,73,200
392,Marlon Byrd,TEX,Outfielder,72,229
393,Brad Wilkerson,TEX,Outfielder,72,206
394,Sammy Sosa,TEX,Outfielder,72,220
395,Kenny Lofton,TEX,Outfielder,72,180
396,Frank Catalanotto,TEX,Outfielder,71,195
397,Nelson Cruz,TEX,Outfielder,75,175
398,Jason Botts,TEX,Designated Hitter,77,250
399,Robinson Tejeda,TEX,Starting Pitcher,75,188
400,John Rheinecker,TEX,Starting Pitcher,74,230
401,Edinson Volquez,TEX,Starting Pitcher,73,190
402,A.J. Murray,TEX,Starting Pitcher,75,200
403,Brandon McCarthy,TEX,Starting Pitcher,79,190
404,Vicente Padilla,TEX,Starting Pitcher,74,219
405,Kevin Millwood,TEX,Starting Pitcher,76,235
406,John Koronka,TEX,Starting Pitcher,73,180
407,Frank Francisco,TEX,Relief Pitcher,74,180
408,Francisco Cruceta,TEX,Relief Pitcher,74,180
409,Akinori Otsuka,TEX,Relief Pitcher,72,200
410,Eric Gagne,TEX,Relief Pitcher,74,234
411,Ron Mahay,TEX,Relief Pitcher,74,185
412,Joaquin Benoit,TEX,Relief Pitcher,75,220
413,Rick Bauer,TEX,Relief Pitcher,78,223
414,Josh Rupe,TEX,Relief Pitcher,74,200
415,Wes Littleton,TEX,Relief Pitcher,74,210
416,C.J. Wilson,TEX,Relief Pitcher,74,200
417,Scott Feldman,TEX,Relief Pitcher,77,210
418,Gregg Zaun,TOR,Catcher,70,190
419,Jason Phillips,TOR,Catcher,73,177
420,Lyle Overbay,TOR,First Baseman,74,227
421,Russ Adams,TOR,Second Baseman,73,180
422,Aaron Hill,TOR,Second Baseman,71,195
423,Jason Smith,TOR,Second Baseman,75,199
424,John McDonald,TOR,Shortstop,71,175
425,Royce Clayton,TOR,Shortstop,72,185
426,Troy Glaus,TOR,Third Baseman,77,240
427,John Hattig,TOR,Third Baseman,74,210
428,Reed Johnson,TOR,Outfielder,70,180
429,Alex Rios,TOR,Outfielder,77,194
430,Vernon Wells,TOR,Outfielder,73,225
431,Frank Thomas,TOR,Designated Hitter,77,275
432,Adam Lind,TOR,Designated Hitter,74,195
433,Shaun Marcum,TOR,Starting Pitcher,72,180
434,Casey Janssen,TOR,Starting Pitcher,76,205
435,Gustavo Chacin,TOR,Starting Pitcher,71,193
436,A.J. Burnett,TOR,Starting Pitcher,76,230
437,Roy Halladay,TOR,Starting Pitcher,78,230
438,John Thomson,TOR,Starting Pitcher,75,220
439,Tomo Ohka,TOR,Starting Pitcher,73,200
440,B.J. Ryan,TOR,Relief Pitcher,78,249
441,Scott Downs,TOR,Relief Pitcher,74,190
442,Brian Tallet,TOR,Relief Pitcher,79,208
443,Matt Roney,TOR,Relief Pitcher,75,245
444,Tracy Thorpe,TOR,Relief Pitcher,76,250
445,Jean Machi,TOR,Relief Pitcher,72,160
446,Brandon League,TOR,Relief Pitcher,75,192
447,Dustin McGowan,TOR,Relief Pitcher,75,220
448,Jason Frasor,TOR,Relief Pitcher,70,170
449,Francisco Rosario,TOR,Relief Pitcher,72,197
450,Davis Romero,TOR,Relief Pitcher,70,155
451,Jeremy Accardo,TOR,Relief Pitcher,74,190
452,Mike Redmond,MIN,Catcher,71,200
453,Joe Mauer,MIN,Catcher,76,220
454,Chris Heintz,MIN,Catcher,73,210
455,Justin Morneau,MIN,First Baseman,76,228
456,Luis Castillo,MIN,Second Baseman,71,190
457,Alexi Casilla,MIN,Second Baseman,69,160
458,Alejandro Machado,MIN,Second Baseman,72,184
459,Jason Bartlett,MIN,Shortstop,72,180
460,Luis Rodriguez,MIN,Third Baseman,69,180
461,Jeff Cirillo,MIN,Third Baseman,73,200
462,Nick Punto,MIN,Third Baseman,69,176
463,Jason Tyner,MIN,Outfielder,73,160
464,Michael Cuddyer,MIN,Outfielder,74,222
465,Torii Hunter,MIN,Outfielder,74,211
466,Lew Ford,MIN,Outfielder,72,195
467,Jason Kubel,MIN,Outfielder,71,200
468,Josh Rabe,MIN,Designated Hitter,74,210
469,Rondell White,MIN,Designated Hitter,73,225
470,Ramon Ortiz,MIN,Starting Pitcher,72,175
471,Johan Santana,MIN,Starting Pitcher,72,206
472,Carlos Silva,MIN,Starting Pitcher,76,240
473,Matt Garza,MIN,Starting Pitcher,76,185
474,Boof Bonser,MIN,Starting Pitcher,76,260
475,Francisco Liriano,MIN,Starting Pitcher,74,185
476,Scott Baker,MIN,Starting Pitcher,76,221
477,Pat Neshek,MIN,Relief Pitcher,75,205
478,Glen Perkins,MIN,Relief Pitcher,71,200
479,Julio DePaula,MIN,Relief Pitcher,72,170
480,Juan Rincon,MIN,Relief Pitcher,71,201
481,Jesse Crain,MIN,Relief Pitcher,73,205
482,Matt Guerrier,MIN,Relief Pitcher,75,185
483,Joe Nathan,MIN,Relief Pitcher,76,205
484,Dennys Reyes,MIN,Relief Pitcher,75,245
485,Brayan Pe?a,ATL,Catcher,71,220
486,Brian McCann,ATL,Catcher,75,210
487,Craig Wilson,ATL,First Baseman,74,220
488,Chris Woodward,ATL,Second Baseman,72,185
489,Pete Orr,ATL,Second Baseman,73,175
490,Martin Prado,ATL,Second Baseman,73,170
491,Tony Pe?a,ATL,Shortstop,73,180
492,Edgar Renteria,ATL,Shortstop,73,200
493,Chipper Jones,ATL,Third Baseman,76,210
494,Willy Aybar,ATL,Third Baseman,72,175
495,Jeff Francoeur,ATL,Outfielder,76,220
496,Matt Diaz,ATL,Outfielder,73,206
497,Kelly Johnson,ATL,Outfielder,73,180
498,Andruw Jones,ATL,Outfielder,73,210
499,Ryan Langerhans,ATL,Outfielder,75,195
500,Scott Thorman,ATL,Outfielder,75,200
501,T.J. Bohn,ATL,Outfielder,77,200
502,Tim Hudson,ATL,Starting Pitcher,73,164
503,Jonathan Johnson,ATL,Starting Pitcher,72,180
504,John Smoltz,ATL,Starting Pitcher,75,220
505,Mike Hampton,ATL,Starting Pitcher,70,195
506,Kyle Davies,ATL,Starting Pitcher,74,205
507,Chuck James,ATL,Starting Pitcher,72,170
508,Phil Stockman,ATL,Relief Pitcher,80,240
509,Macay McBride,ATL,Relief Pitcher,71,210
510,Joey Devine,ATL,Relief Pitcher,71,195
511,Peter Moylan,ATL,Relief Pitcher,74,200
512,Mike Gonzalez,ATL,Relief Pitcher,74,205
513,Lance Cormier,ATL,Relief Pitcher,73,192
514,Blaine Boyer,ATL,Relief Pitcher,75,190
515,Manny Acosta,ATL,Relief Pitcher,76,170
516,Bob Wickman,ATL,Relief Pitcher,73,240
517,Tanyon Sturtze,ATL,Relief Pitcher,77,200
518,Oscar Villarreal,ATL,Relief Pitcher,72,205
519,Rafael Soriano,ATL,Relief Pitcher,73,175
520,Chad Paronto,ATL,Relief Pitcher,77,250
521,Tyler Yates,ATL,Relief Pitcher,76,220
522,Henry Blanco,CHC,Catcher,71,224
523,Michael Barrett,CHC,Catcher,75,210
524,Geovany Soto,CHC,Catcher,73,195
525,Scott Moore,CHC,First Baseman,74,180
526,Derrek Lee,CHC,First Baseman,77,245
527,Ryan Theriot,CHC,Second Baseman,71,175
528,Ronny Cedeno,CHC,Shortstop,72,180
529,Aramis Ramirez,CHC,Third Baseman,73,215
530,Cesar Izturis,CHC,Third Baseman,69,175
531,Alfonso Soriano,CHC,Outfielder,73,180
532,Jacque Jones,CHC,Outfielder,70,195
533,Daryle Ward,CHC,Outfielder,74,230
534,Cliff Floyd,CHC,Outfielder,76,230
535,Mark DeRosa,CHC,Outfielder,73,205
536,Matt Murton,CHC,Outfielder,73,215
537,Buck Coats,CHC,Outfielder,75,195
538,Angel Pagan,CHC,Outfielder,73,180
539,Sean Marshall,CHC,Starting Pitcher,79,205
540,Carlos Marmol,CHC,Starting Pitcher,74,180
541,Ryan O'Malley,CHC,Starting Pitcher,73,190
542,Juan Mateo,CHC,Starting Pitcher,74,180
543,Rich Hill,CHC,Starting Pitcher,77,190
544,Angel Guzman,CHC,Starting Pitcher,75,190
545,Wade Miller,CHC,Starting Pitcher,74,220
546,Jason Marquis,CHC,Starting Pitcher,73,210
547,Carlos Zambrano,CHC,Starting Pitcher,77,255
548,Ted Lilly,CHC,Starting Pitcher,73,190
549,Mark Prior,CHC,Starting Pitcher,77,230
550,Neal Cotts,CHC,Relief Pitcher,74,200
551,Will Ohman,CHC,Relief Pitcher,74,205
552,Scott Eyre,CHC,Relief Pitcher,73,210
553,Kerry Wood,CHC,Relief Pitcher,77,225
554,Ryan Dempster,CHC,Relief Pitcher,74,215
555,Bob Howry,CHC,Relief Pitcher,77,220
556,Mike Wuertz,CHC,Relief Pitcher,75,205
557,Roberto Novoa,CHC,Relief Pitcher,77,200
558,Chris Snyder,ARZ,Catcher,75,220
559,Miguel Montero,ARZ,Catcher,71,197
560,Conor Jackson,ARZ,First Baseman,74,225
561,Robby Hammock,ARZ,First Baseman,70,187
562,Tony Clark,ARZ,First Baseman,79,245
563,Orlando Hudson,ARZ,Second Baseman,72,185
564,Stephen Drew,ARZ,Shortstop,72,185
565,Alberto Callaspo,ARZ,Shortstop,70,175
566,Chad Tracy,ARZ,Third Baseman,74,200
567,Chris Young,ARZ,Outfielder,74,180
568,Scott Hairston,ARZ,Outfielder,72,188
569,Carlos Quentin,ARZ,Outfielder,73,225
570,Jeff DaVanon,ARZ,Outfielder,72,200
571,Eric Byrnes,ARZ,Outfielder,74,210
572,Livan Hernandez,ARZ,Starting Pitcher,74,245
573,Doug Davis,ARZ,Starting Pitcher,76,213
574,Randy Johnson,ARZ,Starting Pitcher,82,231
575,Juan Cruz,ARZ,Starting Pitcher,74,165
576,Brandon Webb,ARZ,Starting Pitcher,74,228
577,Enrique Gonzalez,ARZ,Starting Pitcher,70,210
578,Dana Eveland,ARZ,Starting Pitcher,73,250
579,Brandon Medders,ARZ,Relief Pitcher,73,191
580,Tony Pe?a,ARZ,Relief Pitcher,74,190
581,Doug Slaten,ARZ,Relief Pitcher,77,200
582,Edgar Gonzalez,ARZ,Relief Pitcher,72,215
583,Jose Valverde,ARZ,Relief Pitcher,76,254
584,Jorge Julio,ARZ,Relief Pitcher,73,232
585,Brandon Lyon,ARZ,Relief Pitcher,73,180
586,Miguel Olivo,FLA,Catcher,72,215
587,Matt Treanor,FLA,Catcher,74,220
588,Mike Jacobs,FLA,First Baseman,74,180
589,Dan Uggla,FLA,Second Baseman,71,200
590,Robert Andino,FLA,Shortstop,72,170
591,Hanley Ramirez,FLA,Shortstop,75,195
592,Miguel Cabrera,FLA,Third Baseman,74,210
593,Aaron Boone,FLA,Third Baseman,74,200
594,Joe Borchard,FLA,Outfielder,77,220
595,Alfredo Amezaga,FLA,Outfielder,70,165
596,Cody Ross,FLA,Outfielder,71,180
597,Josh Willingham,FLA,Outfielder,73,200
598,Jeremy Hermida,FLA,Outfielder,76,200
599,Eric Reed,FLA,Outfielder,71,170
600,Reggi Abercrombie,FLA,Outfielder,75,224
601,Ricky Nolasco,FLA,Starting Pitcher,74,220
602,Anibal Sanchez,FLA,Starting Pitcher,72,180
603,Scott Olsen,FLA,Starting Pitcher,76,198
604,Josh Johnson,FLA,Starting Pitcher,79,240
605,Dontrelle Willis,FLA,Starting Pitcher,76,239
606,Logan Kensing,FLA,Relief Pitcher,73,185
607,Sergio Mitre,FLA,Relief Pitcher,76,210
608,Kevin Gregg,FLA,Relief Pitcher,78,220
609,Travis Bowyer,FLA,Relief Pitcher,75,200
610,Renyel Pinto,FLA,Relief Pitcher,76,195
611,Randy Messenger,FLA,Relief Pitcher,72,220
612,Yusmeiro Petit,FLA,Relief Pitcher,72,230
613,Carlos Martinez,FLA,Relief Pitcher,73,170
614,Taylor Tankersley,FLA,Relief Pitcher,73,220
615,Henry Owens,FLA,Relief Pitcher,75,230
616,Jose Garcia,FLA,Relief Pitcher,71,165
617,Matt Lindstrom,FLA,Relief Pitcher,76,205
618,Javier Valentin,CIN,Catcher,70,192
619,Chad Moeller,CIN,Catcher,75,210
620,David Ross,CIN,Catcher,74,205
621,Joey Votto,CIN,First Baseman,75,200
622,Scott Hatteberg,CIN,First Baseman,73,210
623,Brandon Phillips,CIN,Second Baseman,71,185
624,Juan Castro,CIN,Shortstop,71,195
625,Alex Gonzalez,CIN,Shortstop,72,202
626,Mark Bellhorn,CIN,Third Baseman,73,205
627,Edwin Encarnacion,CIN,Third Baseman,73,195
628,Jeff Keppinger,CIN,Third Baseman,72,180
629,Norris Hopper,CIN,Outfielder,69,200
630,Chris Denorfia,CIN,Outfielder,73,185
631,Adam Dunn,CIN,Outfielder,78,240
632,Bubba Crosby,CIN,Outfielder,71,185
633,Jeff Conine,CIN,Outfielder,73,220
634,Ken Griffey Jr.,CIN,Outfielder,75,205
635,Josh Hamilton,CIN,Outfielder,76,205
636,Ryan Freel,CIN,Outfielder,70,180
637,Kyle Lohse,CIN,Starting Pitcher,74,201
638,Bronson Arroyo,CIN,Starting Pitcher,77,190
639,Eric Milton,CIN,Starting Pitcher,75,208
640,Aaron Harang,CIN,Starting Pitcher,79,240
641,Kirk Saarloos,CIN,Starting Pitcher,72,190
642,Elizardo Ramirez,CIN,Starting Pitcher,72,180
643,Todd Coffey,CIN,Relief Pitcher,77,230
644,Brian Shackelford,CIN,Relief Pitcher,73,195
645,Bill Bray,CIN,Relief Pitcher,75,215
646,Bobby Livingston,CIN,Relief Pitcher,75,190
647,Matt Belisle,CIN,Relief Pitcher,75,195
648,Gary Majewski,CIN,Relief Pitcher,73,215
649,Mike Stanton,CIN,Relief Pitcher,73,215
650,Brad Salmon,CIN,Relief Pitcher,76,220
651,Jared Burton,CIN,Relief Pitcher,77,220
652,David Weathers,CIN,Relief Pitcher,75,230
653,Rheal Cormier,CIN,Relief Pitcher,70,195
654,Yorvit Torrealba,COL,Catcher,71,190
655,Chris Iannetta,COL,Catcher,71,195
656,Alvin Colina,COL,Catcher,75,209
657,Todd Helton,COL,First Baseman,74,204
658,Jamey Carroll,COL,Second Baseman,69,170
659,Kaz Matsui,COL,Second Baseman,70,185
660,Troy Tulowitzki,COL,Shortstop,75,205
661,Clint Barmes,COL,Shortstop,72,175
662,Garrett Atkins,COL,Third Baseman,75,210
663,Ryan Spilborghs,COL,Outfielder,73,190
664,Cory Sullivan,COL,Outfielder,72,180
665,Jeff Salazar,COL,Outfielder,72,180
666,Willy Taveras,COL,Outfielder,72,160
667,Matt Holliday,COL,Outfielder,76,235
668,Brad Hawpe,COL,Outfielder,75,200
669,Jeff Baker,COL,Outfielder,74,210
670,Javy Lopez,COL,Designated Hitter,75,224
671,Byung-Hyun Kim,COL,Starting Pitcher,69,180
672,Rodrigo Lopez,COL,Starting Pitcher,73,190
673,Brian Lawrence,COL,Starting Pitcher,72,197
674,Josh Fogg,COL,Starting Pitcher,72,203
675,Aaron Cook,COL,Starting Pitcher,75,205
676,Denny Bautista,COL,Starting Pitcher,77,170
677,Ubaldo Jimenez,COL,Starting Pitcher,76,200
678,Jason Hirsh,COL,Starting Pitcher,80,250
679,Jeff Francis,COL,Starting Pitcher,77,200
680,Taylor Buchholz,COL,Starting Pitcher,76,220
681,Ryan Speier,COL,Relief Pitcher,79,200
682,Ramon Ramirez,COL,Relief Pitcher,71,190
683,Manny Corpas,COL,Relief Pitcher,75,170
684,Juan Morillo,COL,Relief Pitcher,73,190
685,Brian Fuentes,COL,Relief Pitcher,76,220
686,LaTroy Hawkins,COL,Relief Pitcher,77,215
687,Tom Martin,COL,Relief Pitcher,73,206
688,Jeremy Affeldt,COL,Relief Pitcher,76,215
689,Paul Lo Duca,NYM,Catcher,70,185
690,Ramon Castro,NYM,Catcher,75,235
691,Julio Franco,NYM,First Baseman,73,188
692,Carlos Delgado,NYM,First Baseman,75,230
693,Jose Valentin,NYM,Second Baseman,70,195
694,Anderson Hernandez,NYM,Second Baseman,69,168
695,Damion Easley,NYM,Shortstop,71,190
696,Jose Reyes,NYM,Shortstop,72,160
697,David Wright,NYM,Third Baseman,72,200
698,Ben Johnson,NYM,Outfielder,73,200
699,Endy Chavez,NYM,Outfielder,70,189
700,David Newhan,NYM,Outfielder,70,180
701,Carlos Beltran,NYM,Outfielder,73,190
702,Shawn Green,NYM,Outfielder,76,200
703,Moises Alou,NYM,Outfielder,75,220
704,Lastings Milledge,NYM,Outfielder,72,187
705,Alay Soler,NYM,Starting Pitcher,73,240
706,Mike Pelfrey,NYM,Starting Pitcher,79,190
707,Pedro Martinez,NYM,Starting Pitcher,71,180
708,Tom Glavine,NYM,Starting Pitcher,72,185
709,Chan Ho Park,NYM,Starting Pitcher,74,210
710,Orlando Hernandez,NYM,Starting Pitcher,74,220
711,Dave Williams,NYM,Starting Pitcher,74,219
712,Oliver Perez,NYM,Starting Pitcher,72,190
713,John Maine,NYM,Starting Pitcher,76,193
714,Marcos Carvajal,NYM,Relief Pitcher,76,175
715,Ambiorix Burgos,NYM,Relief Pitcher,72,180
716,Jason Vargas,NYM,Relief Pitcher,72,215
717,Jon Adkins,NYM,Relief Pitcher,71,210
718,Juan Padilla,NYM,Relief Pitcher,72,200
719,Duaner Sanchez,NYM,Relief Pitcher,72,190
720,Pedro Feliciano,NYM,Relief Pitcher,70,185
721,Aaron Heilman,NYM,Relief Pitcher,77,220
722,Jorge Sosa,NYM,Relief Pitcher,74,170
723,Scott Schoeneweis,NYM,Relief Pitcher,72,195
724,Guillermo Mota,NYM,Relief Pitcher,76,205
725,Billy Wagner,NYM,Relief Pitcher,71,195
726,Philip Humber,NYM,Relief Pitcher,76,210
727,Brad Ausmus,HOU,Catcher,71,190
728,Humberto Quintero,HOU,Catcher,73,190
729,Hector Gimenez,HOU,Catcher,70,180
730,Lance Berkman,HOU,First Baseman,73,220
731,Mike Lamb,HOU,First Baseman,73,190
732,Mark Loretta,HOU,Second Baseman,72,186
733,Craig Biggio,HOU,Second Baseman,71,185
734,Brooks Conrad,HOU,Second Baseman,71,190
735,Chris Burke,HOU,Second Baseman,71,180
736,Eric Bruntlett,HOU,Second Baseman,72,190
737,Adam Everett,HOU,Shortstop,72,170
738,Morgan Ensberg,HOU,Third Baseman,74,210
739,Carlos Lee,HOU,Outfielder,74,240
740,Jason Lane,HOU,Outfielder,74,220
741,Orlando Palmeiro,HOU,Outfielder,71,180
742,Luke Scott,HOU,Outfielder,72,210
743,Charlton Jimerson,HOU,Outfielder,75,210
744,Fernando Nieve,HOU,Starting Pitcher,72,195
745,Wandy Rodriguez,HOU,Starting Pitcher,71,160
746,Brandon Backe,HOU,Starting Pitcher,72,180
747,Matt Albers,HOU,Starting Pitcher,72,205
748,Woody Williams,HOU,Starting Pitcher,72,200
749,Roy Oswalt,HOU,Starting Pitcher,72,185
750,Jason Jennings,HOU,Starting Pitcher,74,245
751,Miguel Asencio,HOU,Relief Pitcher,74,190
752,Brad Lidge,HOU,Relief Pitcher,77,210
753,Trever Miller,HOU,Relief Pitcher,75,200
754,David Borkowski,HOU,Relief Pitcher,73,200
755,Dan Wheeler,HOU,Relief Pitcher,75,222
756,Paul Estrada,HOU,Relief Pitcher,73,215
757,Lincoln Holdzkom,HOU,Relief Pitcher,76,240
758,Chris Sampson,HOU,Relief Pitcher,72,170
759,Chad Qualls,HOU,Relief Pitcher,77,220
760,Ezequiel Astacio,HOU,Relief Pitcher,75,156
761,Mike Lieberthal,LA,Catcher,72,190
762,Russell Martin,LA,Catcher,71,202
763,Olmedo Saenz,LA,First Baseman,71,221
764,James Loney,LA,First Baseman,75,200
765,Nomar Garciaparra,LA,First Baseman,72,190
766,Jeff Kent,LA,Second Baseman,73,210
767,Ramon Martinez,LA,Second Baseman,73,190
768,Marlon Anderson,LA,Second Baseman,71,200
769,Rafael Furcal,LA,Shortstop,70,165
770,Wilson Betemit,LA,Third Baseman,75,190
771,Andy LaRoche,LA,Third Baseman,71,185
772,Matt Kemp,LA,Outfielder,76,230
773,Andre Ethier,LA,Outfielder,73,208
774,Delwyn Young,LA,Outfielder,68,209
775,Jason Repko,LA,Outfielder,71,175
776,Juan Pierre,LA,Outfielder,72,180
777,Luis Gonzalez,LA,Outfielder,74,200
778,Jason Schmidt,LA,Starting Pitcher,77,205
779,Randy Wolf,LA,Starting Pitcher,72,200
780,Brad Penny,LA,Starting Pitcher,76,250
781,Derek Lowe,LA,Starting Pitcher,78,210
782,Mark Hendrickson,LA,Starting Pitcher,81,230
783,Chad Billingsley,LA,Starting Pitcher,72,244
784,Takashi Saito,LA,Relief Pitcher,73,202
785,Jonathan Broxton,LA,Relief Pitcher,76,240
786,Hong-Chih Kuo,LA,Relief Pitcher,72,200
787,Eric Stults,LA,Relief Pitcher,72,215
788,Chin-Hui Tsao,LA,Relief Pitcher,74,177
789,Tim Hamulack,LA,Relief Pitcher,76,210
790,Yhency Brazoban,LA,Relief Pitcher,73,170
791,Brett Tomko,LA,Relief Pitcher,76,215
792,Joe Beimel,LA,Relief Pitcher,75,217
793,Elmer Dessens,LA,Relief Pitcher,70,198
794,Ryan Budde,PHI,Catcher,71,200
795,Rod Barajas,PHI,Catcher,74,220
796,Carlos Ruiz,PHI,Catcher,72,170
797,Chris Coste,PHI,Catcher,73,200
798,Ryan Howard,PHI,First Baseman,76,230
799,Wes Helms,PHI,First Baseman,76,231
800,Chase Utley,PHI,Second Baseman,73,183
801,Danny Sandoval,PHI,Second Baseman,71,192
802,Jimmy Rollins,PHI,Shortstop,68,167
803,Abraham Nu?ez,PHI,Third Baseman,71,190
804,Michael Bourn,PHI,Outfielder,71,180
805,Chris Roberson,PHI,Outfielder,74,180
806,Jayson Werth,PHI,Outfielder,77,215
807,Shane Victorino,PHI,Outfielder,69,160
808,Aaron Rowand,PHI,Outfielder,72,205
809,Pat Burrell,PHI,Outfielder,76,223
810,Greg Dobbs,PHI,Designated Hitter,73,205
811,Cole Hamels,PHI,Starting Pitcher,75,175
812,Alfredo Simon,PHI,Starting Pitcher,76,170
813,Scott Mathieson,PHI,Starting Pitcher,75,190
814,Freddy Garcia,PHI,Starting Pitcher,76,240
815,Jamie Moyer,PHI,Starting Pitcher,72,175
816,Jon Lieber,PHI,Starting Pitcher,74,230
817,Brett Myers,PHI,Starting Pitcher,76,223
818,Adam Eaton,PHI,Starting Pitcher,74,196
819,Geoff Geary,PHI,Relief Pitcher,72,167
820,Clay Condrey,PHI,Relief Pitcher,75,195
821,Ryan Madson,PHI,Relief Pitcher,78,190
822,Antonio Alfonseca,PHI,Relief Pitcher,77,250
823,Tom Gordon,PHI,Relief Pitcher,70,190
824,Brian Sanches,PHI,Relief Pitcher,72,190
825,Jim Ed Warden,PHI,Relief Pitcher,79,190
826,Anderson Garcia,PHI,Relief Pitcher,74,170
827,Eude Brito,PHI,Relief Pitcher,71,160
828,Fabio Castro,PHI,Relief Pitcher,68,150
829,Matt Smith,PHI,Relief Pitcher,77,225
830,Damian Miller,MLW,Catcher,75,220
831,Johnny Estrada,MLW,Catcher,71,209
832,Mike Rivera,MLW,Catcher,72,210
833,J.D. Closser,MLW,Catcher,70,176
834,Prince Fielder,MLW,First Baseman,72,260
835,Rickie Weeks,MLW,Second Baseman,72,195
836,Tony Graffanino,MLW,Second Baseman,73,190
837,Craig Counsell,MLW,Shortstop,72,184
838,J.J. Hardy,MLW,Shortstop,74,180
839,Bill Hall,MLW,Shortstop,72,195
840,Vinny Rottino,MLW,Third Baseman,72,195
841,Corey Koskie,MLW,Third Baseman,75,219
842,Kevin Mench,MLW,Outfielder,72,225
843,Geoff Jenkins,MLW,Outfielder,73,212
844,Brady Clark,MLW,Outfielder,74,202
845,Tony Gwynn Jr.,MLW,Outfielder,72,185
846,Corey Hart,MLW,Outfielder,78,200
847,Gabe Gross,MLW,Outfielder,75,209
848,Laynce Nix,MLW,Outfielder,72,200
849,Drew Anderson,MLW,Outfielder,74,195
850,Claudio Vargas,MLW,Starting Pitcher,75,228
851,Chris Capuano,MLW,Starting Pitcher,75,210
852,Ben Hendrickson,MLW,Starting Pitcher,76,190
853,Dave Bush,MLW,Starting Pitcher,74,212
854,Carlos Villanueva,MLW,Starting Pitcher,74,190
855,Ben Sheets,MLW,Starting Pitcher,73,218
856,Jeff Suppan,MLW,Starting Pitcher,74,220
857,Brian Shouse,MLW,Relief Pitcher,71,190
858,Francisco Cordero,MLW,Relief Pitcher,74,235
859,Derrick Turnbow,MLW,Relief Pitcher,75,210
860,Matt Wise,MLW,Relief Pitcher,76,200
861,Grant Balfour,MLW,Relief Pitcher,74,188
862,Dennis Sarfate,MLW,Relief Pitcher,76,210
863,Jose Capellan,MLW,Relief Pitcher,76,235
864,Greg Aquino,MLW,Relief Pitcher,73,188
865,Josh Bard,SD,Catcher,75,215
866,Rob Bowen,SD,Catcher,75,216
867,Adrian Gonzalez,SD,First Baseman,74,220
868,Marcus Giles,SD,Second Baseman,68,180
869,Todd Walker,SD,Second Baseman,72,185
870,Geoff Blum,SD,Shortstop,75,200
871,Khalil Greene,SD,Shortstop,71,210
872,Paul McAnulty,SD,Outfielder,70,220
873,Terrmel Sledge,SD,Outfielder,72,185
874,Jack Cust,SD,Outfielder,73,231
875,Jose Cruz Jr.,SD,Outfielder,72,210
876,Russell Branyan,SD,Outfielder,75,195
877,Mike Cameron,SD,Outfielder,74,200
878,Brian Giles,SD,Outfielder,70,205
879,Kevin Kouzmanoff,SD,Designated Hitter,73,200
880,Mike Thompson,SD,Starting Pitcher,76,200
881,Clay Hensley,SD,Starting Pitcher,71,190
882,Chris Young,SD,Starting Pitcher,82,250
883,Greg Maddux,SD,Starting Pitcher,72,185
884,Jake Peavy,SD,Starting Pitcher,73,180
885,Scott Cassidy,SD,Relief Pitcher,74,170
886,Scott Strickland,SD,Relief Pitcher,71,180
887,Scott Linebrink,SD,Relief Pitcher,75,208
888,Doug Brocail,SD,Relief Pitcher,77,235
889,Trevor Hoffman,SD,Relief Pitcher,72,215
890,Heath Bell,SD,Relief Pitcher,74,244
891,Royce Ring,SD,Relief Pitcher,72,220
892,Cla Meredith,SD,Relief Pitcher,73,185
893,Andrew Brown,SD,Relief Pitcher,78,230
894,Mike Adams,SD,Relief Pitcher,77,190
895,Justin Hampson,SD,Relief Pitcher,73,200
896,Kevin Cameron,SD,Relief Pitcher,73,180
897,Ryan Ketchner,SD,Relief Pitcher,73,190
898,Brian Schneider,WAS,Catcher,73,196
899,Jesus Flores,WAS,Catcher,73,180
900,Larry Broadway,WAS,First Baseman,76,230
901,Nick Johnson,WAS,First Baseman,75,224
902,Bernie Castro,WAS,Second Baseman,70,160
903,Josh Wilson,WAS,Shortstop,73,178
904,Cristian Guzman,WAS,Shortstop,72,205
905,Felipe Lopez,WAS,Shortstop,73,185
906,Ryan Zimmerman,WAS,Third Baseman,75,210
907,Nook Logan,WAS,Outfielder,74,180
908,Ryan Church,WAS,Outfielder,73,190
909,Kory Casto,WAS,Outfielder,73,200
910,Mike Restovich,WAS,Outfielder,76,257
911,Alex Escobar,WAS,Outfielder,73,190
912,Austin Kearns,WAS,Outfielder,75,220
913,Chris Snelling,WAS,Outfielder,70,165
914,Billy Traber,WAS,Starting Pitcher,77,205
915,Tim Redding,WAS,Starting Pitcher,72,200
916,John Patterson,WAS,Starting Pitcher,77,208
917,Shawn Hill,WAS,Starting Pitcher,74,185
918,Joel Hanrahan,WAS,Starting Pitcher,75,215
919,Mike O'Connor,WAS,Starting Pitcher,75,170
920,Emiliano Fruto,WAS,Relief Pitcher,75,235
921,Chris Schroder,WAS,Relief Pitcher,75,210
922,Brett Campbell,WAS,Relief Pitcher,72,170
923,Beltran Perez,WAS,Relief Pitcher,74,180
924,Levale Speigner,WAS,Relief Pitcher,71,170
925,Jason Bergmann,WAS,Relief Pitcher,76,190
926,Saul Rivera,WAS,Relief Pitcher,71,150
927,Chris Booker,WAS,Relief Pitcher,75,230
928,Micah Bowie,WAS,Relief Pitcher,76,203
929,Jon Rauch,WAS,Relief Pitcher,83,260
930,Jerome Williams,WAS,Relief Pitcher,75,246
931,Luis Ayala,WAS,Relief Pitcher,74,186
932,Ryan Wagner,WAS,Relief Pitcher,76,210
933,Chad Cordero,WAS,Relief Pitcher,72,198
934,Humberto Cota,PIT,Catcher,72,210
935,Ronny Paulino,PIT,Catcher,75,215
936,Adam LaRoche,PIT,First Baseman,75,180
937,Ryan Doumit,PIT,First Baseman,72,200
938,Brad Eldred,PIT,First Baseman,77,245
939,Jose Castillo,PIT,Second Baseman,73,200
940,Jack Wilson,PIT,Shortstop,72,192
941,Freddy Sanchez,PIT,Third Baseman,70,192
942,Jason Bay,PIT,Outfielder,74,200
943,Jose Bautista,PIT,Outfielder,72,192
944,Xavier Nady,PIT,Outfielder,74,205
945,Jody Gerut,PIT,Outfielder,72,190
946,Nate McLouth,PIT,Outfielder,71,186
947,Chris Duffy,PIT,Outfielder,70,170
948,Rajai Davis,PIT,Outfielder,71,197
949,Shane Youman,PIT,Starting Pitcher,76,219
950,Yoslan Herrera,PIT,Starting Pitcher,74,200
951,Josh Shortslef,PIT,Starting Pitcher,76,220
952,Zach Duke,PIT,Starting Pitcher,74,207
953,Paul Maholm,PIT,Starting Pitcher,74,225
954,Tom Gorzelanny,PIT,Starting Pitcher,74,207
955,Shawn Chacon,PIT,Starting Pitcher,75,212
956,Tony Armas Jr.,PIT,Starting Pitcher,75,225
957,Ian Snell,PIT,Starting Pitcher,71,170
958,Sean Burnett,PIT,Starting Pitcher,71,190
959,John Grabow,PIT,Relief Pitcher,74,210
960,Marty McLeary,PIT,Relief Pitcher,77,230
961,Salomon Torres,PIT,Relief Pitcher,71,210
962,Damaso Marte,PIT,Relief Pitcher,74,200
963,Matt Capps,PIT,Relief Pitcher,75,238
964,Josh Sharpless,PIT,Relief Pitcher,77,234
965,Bryan Bullington,PIT,Relief Pitcher,76,222
966,Jonah Bayliss,PIT,Relief Pitcher,74,200
967,Brian Rogers,PIT,Relief Pitcher,76,190
968,Juan Perez,PIT,Relief Pitcher,72,170
969,Bengie Molina,SF,Catcher,71,220
970,Eliezer Alfonzo,SF,Catcher,72,223
971,Lance Niekro,SF,First Baseman,75,210
972,Mark Sweeney,SF,First Baseman,73,215
973,Ray Durham,SF,Second Baseman,68,196
974,Kevin Frandsen,SF,Second Baseman,72,175
975,Omar Vizquel,SF,Shortstop,69,175
976,Rich Aurilia,SF,Third Baseman,73,189
977,Pedro Feliz,SF,Third Baseman,73,205
978,Todd Linden,SF,Outfielder,75,210
979,Dave Roberts,SF,Outfielder,70,180
980,Jason Ellison,SF,Outfielder,70,180
981,Randy Winn,SF,Outfielder,74,197
982,Ryan Klesko,SF,Outfielder,75,220
983,Barry Bonds,SF,Outfielder,74,228
984,Fred Lewis,SF,Outfielder,74,190
985,Kelyn Acosta,SF,Starting Pitcher,73,204
986,Jonathan Sanchez,SF,Starting Pitcher,74,165
987,Matt Cain,SF,Starting Pitcher,75,216
988,Matt Morris,SF,Starting Pitcher,77,220
989,Russ Ortiz,SF,Starting Pitcher,73,208
990,Noah Lowry,SF,Starting Pitcher,74,210
991,Barry Zito,SF,Starting Pitcher,76,215
992,Vinnie Chulk,SF,Relief Pitcher,74,195
993,Kevin Correia,SF,Relief Pitcher,75,200
994,Steve Kline,SF,Relief Pitcher,73,215
995,Armando Benitez,SF,Relief Pitcher,76,229
996,Scott Munter,SF,Relief Pitcher,78,240
997,Jack Taschner,SF,Relief Pitcher,75,207
998,Brian Wilson,SF,Relief Pitcher,73,205
999,Merkin Valdez,SF,Relief Pitcher,77,208
1000,Brad Hennessey,SF,Relief Pitcher,74,185
1001,Billy Sadler,SF,Relief Pitcher,72,190
1002,Pat Misch,SF,Relief Pitcher,74,170
1003,Gary Bennett,STL,Catcher,72,208
1004,Yadier Molina,STL,Catcher,71,225
1005,John Nelson,STL,First Baseman,73,190
1006,Albert Pujols,STL,First Baseman,75,225
1007,Adam Kennedy,STL,Second Baseman,73,185
1008,Aaron Miles,STL,Second Baseman,67,180
1009,David Eckstein,STL,Shortstop,67,165
1010,Scott Rolen,STL,Third Baseman,76,240
1011,Scott Spiezio,STL,Third Baseman,74,220
1012,Jim Edmonds,STL,Outfielder,73,212
1013,So Taguchi,STL,Outfielder,70,163
1014,Juan Encarnacion,STL,Outfielder,75,215
1015,Skip Schumaker,STL,Outfielder,70,175
1016,John Rodriguez,STL,Outfielder,72,205
1017,Chris Duncan,STL,Outfielder,77,210
1018,Adam Wainwright,STL,Starting Pitcher,79,205
1019,Mark Mulder,STL,Starting Pitcher,78,208
1020,Anthony Reyes,STL,Starting Pitcher,74,215
1021,Ryan Franklin,STL,Starting Pitcher,75,180
1022,Kip Wells,STL,Starting Pitcher,75,200
1023,Chris Carpenter,STL,Starting Pitcher,78,230
1024,Russ Springer,STL,Relief Pitcher,76,211
1025,Jason Isringhausen,STL,Relief Pitcher,75,230
1026,Ricardo Rincon,STL,Relief Pitcher,69,190
1027,Braden Looper,STL,Relief Pitcher,75,220
1028,Randy Flores,STL,Relief Pitcher,72,180
1029,Josh Hancock,STL,Relief Pitcher,75,205
1030,Brad Thompson,STL,Relief Pitcher,73,190
1031,Tyler Johnson,STL,Relief Pitcher,74,180
1032,Chris Narveson,STL,Relief Pitcher,75,205
1033,Randy Keisler,STL,Relief Pitcher,75,190
1034,Josh Kinney,STL,Relief Pitcher,73,195